{
  "gainMapMax": [
    4.543998450134541,
    4.543998450134541,
    4.543998450134541
  ],
  "gainMapMin": [
    0,
    0,
    0
  ],
  "gamma": [
    1,
    1,
    1
  ],
  "hdrCapacityMax": 4.543998450134541,
  "hdrCapacityMin": 0,
  "offsetHdr": [
    0.015625,
    0.015625,
    0.015625
  ],
  "offsetSdr": [
    0.015625,
    0.015625,
    0.015625
  ]
}