{
  "gainMapMax": [
    9.134426320220927,
    9.134426320220927,
    9.134426320220927
  ],
  "gainMapMin": [
    0,
    0,
    0
  ],
  "gamma": [
    1,
    1,
    1
  ],
  "hdrCapacityMax": 9.134426320220927,
  "hdrCapacityMin": 0,
  "offsetHdr": [
    0.015625,
    0.015625,
    0.015625
  ],
  "offsetSdr": [
    0.015625,
    0.015625,
    0.015625
  ]
}