{
  "gainMapMax": [
    5.2143191208007655,
    5.2143191208007655,
    5.2143191208007655
  ],
  "gainMapMin": [
    0,
    0,
    0
  ],
  "gamma": [
    1,
    1,
    1
  ],
  "hdrCapacityMax": 5.2143191208007655,
  "hdrCapacityMin": 0,
  "offsetHdr": [
    0.015625,
    0.015625,
    0.015625
  ],
  "offsetSdr": [
    0.015625,
    0.015625,
    0.015625
  ]
}