{
  "gainMapMax": [
    11.29920801838728,
    11.29920801838728,
    11.29920801838728
  ],
  "gainMapMin": [
    0,
    0,
    0
  ],
  "gamma": [
    1,
    1,
    1
  ],
  "hdrCapacityMax": 11.29920801838728,
  "hdrCapacityMin": 0,
  "offsetHdr": [
    0.015625,
    0.015625,
    0.015625
  ],
  "offsetSdr": [
    0.015625,
    0.015625,
    0.015625
  ]
}